{"train_loss": [0.6944480718612671, 0.6936403032302857, 0.6938496464729309, 0.693194677734375, 0.6931853500366211, 0.6931860770225525, 0.6931992458343506, 0.6931923252105713, 0.693222636604309, 0.6931830461502075, 0.6932040247917175, 0.6932228091239929, 0.6931824766159057, 0.6931948266983032, 0.6932003163337708, 0.693185608291626, 0.6932168829917907, 0.6931968769073487, 0.6932061744689941, 0.6931870235443115, 0.6931961582183838, 0.693206776714325, 0.6931929399490356, 0.6931878509521484, 0.6931808303833008, 0.6931875570297241, 0.6931691602706909, 0.6931953768730164, 0.693181988811493, 0.6931872688293457, 0.6931630244255066, 0.6932252991676331, 0.6931735633850098, 0.6932060808181763, 0.6932088611602784, 0.6931812608718873, 0.6932108345031738, 0.6932107809066772, 0.6932070220947265, 0.6932148603439331, 0.6932070159912109, 0.6931800711631775, 0.6932056747436524, 0.6932157159805298, 0.6931866456031799, 0.6931885487556457, 0.6931892148971558, 0.6931924385070801, 0.6932018449783325, 0.6931752637863159], "val_loss": [0.6932665224075317, 0.693155767917633, 0.6931630353927613, 0.6931474161148071, 0.6931489667892456, 0.6931477885246277, 0.6931502819061279, 0.6931471157073975, 0.6931501021385192, 0.6931505832672119, 0.6931475400924683, 0.6931482491493225, 0.6931493330001831, 0.693157907485962, 0.6931484918594361, 0.6931475410461426, 0.6931474161148071, 0.6931514272689819, 0.6931471886634827, 0.6931480350494384, 0.6931488561630249, 0.6931482553482056, 0.6931474208831787, 0.6931492052078247, 0.6931594562530518, 0.693147777557373, 0.6931472549438477, 0.6931479682922363, 0.6931498155593873, 0.6931590585708618, 0.6931476593017578, 0.6931523084640503, 0.6931473016738892, 0.6931477913856506, 0.6931480808258057, 0.6931489753723145, 0.6931572141647339, 0.6931483831405639, 0.6931490268707275, 0.6931473608016968, 0.6931530261039733, 0.6931487274169922, 0.6931498050689697, 0.693164587020874, 0.6931622042655945, 0.6931471643447876, 0.6931544589996338, 0.6931472291946411, 0.6931472916603089, 0.6931484937667847], "train_acc": [0.5015, 0.5004, 0.5059, 0.5, 0.4966, 0.4966, 0.4958, 0.4902, 0.4952, 0.495, 0.49, 0.4938, 0.4986, 0.4962, 0.5022, 0.4994, 0.4918, 0.5012, 0.4974, 0.4942, 0.4936, 0.4918, 0.4926, 0.5006, 0.4986, 0.5, 0.5002, 0.5, 0.4982, 0.4934, 0.499, 0.495, 0.4972, 0.499, 0.497, 0.4982, 0.501, 0.5, 0.4962, 0.5, 0.4922, 0.4964, 0.4948, 0.5018, 0.4952, 0.4996, 0.5008, 0.4902, 0.4974, 0.4998], "val_acc": [0.5, 0.5, 0.5, 0.5, 0.5, 0.5, 0.5, 0.5, 0.5, 0.5, 0.5, 0.5, 0.5, 0.5, 0.5, 0.5, 0.5, 0.5, 0.5, 0.5, 0.5, 0.5, 0.5, 0.5, 0.5, 0.5, 0.5, 0.5, 0.5, 0.5, 0.5, 0.5, 0.5, 0.5, 0.5, 0.5, 0.5, 0.5, 0.5, 0.5, 0.5, 0.5, 0.5, 0.5, 0.5, 0.5, 0.5, 0.5, 0.5, 0.5]}