{
    "train_loss": [
        0.7275091492652893,
        0.7014012170791626,
        0.6922050840377808,
        0.6895151223182678,
        0.6807856884002685,
        0.6776175112724304,
        0.6708050601959229,
        0.662460311794281,
        0.6516489254951477,
        0.6411088123321533,
        0.619062566947937,
        0.5927276019096375,
        0.57823542842865,
        0.5608032569885254,
        0.5481845975875854,
        0.5349019416809082,
        0.5184218834877015,
        0.5114221492767334,
        0.5049169334411621,
        0.500721008014679,
        0.4824956182479858,
        0.48047319183349607,
        0.48137330837249753,
        0.4748675145149231,
        0.4688998204231262,
        0.47105492224693296,
        0.4586689143180847,
        0.4571881130218506,
        0.44726427898406984,
        0.4541602575302124,
        0.45073944149017336,
        0.44413231954574584,
        0.44399892444610595,
        0.4354559665679932,
        0.4301723777770996,
        0.43709180631637573,
        0.4126178067207336,
        0.4081399802207947,
        0.4075775013923645,
        0.40045861620903017,
        0.401378103351593,
        0.3956466715812683,
        0.40091899247169493,
        0.3963411067008972,
        0.390933943939209,
        0.3912252905368805,
        0.3946637439727783,
        0.38545837626457213,
        0.38265440301895143,
        0.37990723209381105
    ],
    "val_loss": [
        0.6911803245544433,
        0.682781394481659,
        0.6769573936462402,
        0.6713138279914856,
        0.6887251324653626,
        0.6679559211730957,
        0.6433053765296936,
        0.6486385555267334,
        0.8574871835708618,
        0.5934849843978882,
        0.5621664876937866,
        0.5075932760238647,
        0.5080568790435791,
        0.5725931444168091,
        0.5442389249801636,
        0.4804284286499023,
        0.4925684747695923,
        0.46746022605896,
        0.43810374212265013,
        0.4251276550292969,
        0.4805924816131592,
        0.42046445894241335,
        0.4091569037437439,
        0.4504394359588623,
        0.3995926113128662,
        0.4091600613594055,
        0.47533725929260257,
        0.3984927279949188,
        0.39721176624298093,
        0.3860223002433777,
        0.4442303819656372,
        0.361593492269516,
        0.39001796412467954,
        0.36668647098541257,
        0.3680055558681488,
        0.3637358641624451,
        0.3554002447128296,
        0.35917820501327513,
        0.3720074954032898,
        0.34893049573898316,
        0.3517472379207611,
        0.33438605999946597,
        0.3655779330730438,
        0.3380275900363922,
        0.3289426343441009,
        0.3255401747226715,
        0.35324954223632815,
        0.3291517901420593,
        0.3482050800323486,
        0.35796013259887693
    ],
    "train_acc": [
        0.5031,
        0.5275,
        0.5397,
        0.5505,
        0.5706,
        0.5775,
        0.596,
        0.602,
        0.6249,
        0.6347,
        0.6591,
        0.68,
        0.6971,
        0.7135,
        0.7192,
        0.7276,
        0.7424,
        0.7468,
        0.756,
        0.7545,
        0.7688,
        0.7676,
        0.7683,
        0.7687,
        0.7797,
        0.7707,
        0.7841,
        0.782,
        0.789,
        0.7811,
        0.786,
        0.7902,
        0.7861,
        0.7945,
        0.7946,
        0.7925,
        0.812,
        0.8089,
        0.8114,
        0.8169,
        0.8152,
        0.8195,
        0.8157,
        0.8204,
        0.8204,
        0.8198,
        0.8221,
        0.8209,
        0.8224,
        0.8277
    ],
    "val_acc": [
        0.5235,
        0.5675,
        0.591,
        0.595,
        0.547,
        0.581,
        0.6225,
        0.6375,
        0.5725,
        0.679,
        0.702,
        0.755,
        0.743,
        0.704,
        0.727,
        0.772,
        0.7585,
        0.778,
        0.7875,
        0.789,
        0.7715,
        0.8065,
        0.804,
        0.7795,
        0.806,
        0.8045,
        0.7745,
        0.8175,
        0.8065,
        0.82,
        0.7985,
        0.8315,
        0.814,
        0.8385,
        0.833,
        0.8345,
        0.837,
        0.8395,
        0.827,
        0.8435,
        0.844,
        0.8535,
        0.8305,
        0.8495,
        0.8555,
        0.8565,
        0.8445,
        0.858,
        0.847,
        0.845
    ]
}